레시피일련번호, 레시피제목, 요리명, 등록자ID, 등록자명, 조회수, 추천수, 스크랩수, 요리방법별명, 요리상황별명, 요리재료별명, 요리종류별명, 레시피이미지URL, 레시피이미지파일경로명, 요리소개, 요리주의사항, 요리재료내용, 요리인분명, 요리난이도명, 요리시간명, 최초등록일시, 레시피완성이미지URL, 레시피완성이미지파일경로명, 정렬순서, 요리순서내용, 요리순서주의사항, 요리순서재료, 요리순서조리도구, 요리순서불세기, 요리순서이미지URL, 요리순서이미지파일경로명
6949737, 소고기떡국 끓이는법 :: 담백하고 맛있게 떡국 한그릇, 소고기떡국, 36178186, 잇커피, 6283, 0, 92, 끓이기, 명절, 소고기, 국/탕, https://recipe1.ezmember.co.kr/cache/recipe/2021/01/01/687cd1aac470a2dc58a97ca9a29e2db61.jpg, /recipe/2021/01/01/687cd1aac470a2dc58a97ca9a29e2db61.jpg, 겨울에는 멸치육수로 만든 떡국  소고기떡국  굴떡국 등 다양하게 떡국을 끓이게 되는데요  특별히 반찬을 만들지 않아도 간단하고 맛있으니 자주 만들게 됩니다. 국물도 맛있고  떡을 먹게 되니 든든하구요. 새해를 맞이하여 가족들과 덕담을 나누면서 떡국 한 그릇 든든하고 맛있게 드셔 보세요., , [재료] 떡국떡 600g| 소고기국거리 150g| 멸치다시마육수 1.2리터 [고기밑간] 국간장 1T| 맛술 1T| 다진마늘 1T| 후추 약간 [기타양념] 참기름 1T| 양파 1/4개| 대파 1대| 국간장 1T| 참치액 1T| 소금 약간 [고명] 구운김 적당량| 계란 1-2개, 4인분, 중급, 60분이내, 20210101000218, https://recipe1.ezmember.co.kr/cache/recipe/2021/01/01/21a962ee82a86b9832aa41d5d8268e171.jpg, /recipe/2021/01/01/21a962ee82a86b9832aa41d5d8268e171.jpg, 1, 떡은 물에 20분 정도 담가 둔 후에 끓이면 떡이 아주 부드러워져요. 소고기국거리용은 찬물에 살짝 씻어서 핏물을 제거한 후에 물기를 완전히 빼 둡니다.  ?, 육수는 멸치  다시마  건표고  대파흰부분을 넣고 우려서 미리 만들어서 사용했어요., , , , https://recipe1.ezmember.co.kr/cache/recipe/2021/01/01/cdae8e13ca76a6afc8de053e275245ce1.jpg, /recipe/2021/01/01/cdae8e13ca76a6afc8de053e275245ce1.jpg
6949737, 소고기떡국 끓이는법 :: 담백하고 맛있게 떡국 한그릇, 소고기떡국, 36178186, 잇커피, 6283, 0, 92, 끓이기, 명절, 소고기, 국/탕, https://recipe1.ezmember.co.kr/cache/recipe/2021/01/01/687cd1aac470a2dc58a97ca9a29e2db61.jpg, /recipe/2021/01/01/687cd1aac470a2dc58a97ca9a29e2db61.jpg, 겨울에는 멸치육수로 만든 떡국  소고기떡국  굴떡국 등 다양하게 떡국을 끓이게 되는데요  특별히 반찬을 만들지 않아도 간단하고 맛있으니 자주 만들게 됩니다. 국물도 맛있고  떡을 먹게 되니 든든하구요. 새해를 맞이하여 가족들과 덕담을 나누면서 떡국 한 그릇 든든하고 맛있게 드셔 보세요., , [재료] 떡국떡 600g| 소고기국거리 150g| 멸치다시마육수 1.2리터 [고기밑간] 국간장 1T| 맛술 1T| 다진마늘 1T| 후추 약간 [기타양념] 참기름 1T| 양파 1/4개| 대파 1대| 국간장 1T| 참치액 1T| 소금 약간 [고명] 구운김 적당량| 계란 1-2개, 4인분, 중급, 60분이내, 20210101000218, https://recipe1.ezmember.co.kr/cache/recipe/2021/01/01/21a962ee82a86b9832aa41d5d8268e171.jpg, /recipe/2021/01/01/21a962ee82a86b9832aa41d5d8268e171.jpg, 2, 물기를 뺀 소고기는 국간장  다진마늘  맛술  후추로 밑간을 해 주세요. 물에 담가 놓은 떡과 재운 고기를 사용하여 20분 지난 후에 떡국을 끓여 보도록 할 게요., , , , , https://recipe1.ezmember.co.kr/cache/recipe/2021/01/01/d6215b052bbddd664b5c263fa5af4aa31.jpg, /recipe/2021/01/01/d6215b052bbddd664b5c263fa5af4aa31.jpg
6949737, 소고기떡국 끓이는법 :: 담백하고 맛있게 떡국 한그릇, 소고기떡국, 36178186, 잇커피, 6283, 0, 92, 끓이기, 명절, 소고기, 국/탕, https://recipe1.ezmember.co.kr/cache/recipe/2021/01/01/687cd1aac470a2dc58a97ca9a29e2db61.jpg, /recipe/2021/01/01/687cd1aac470a2dc58a97ca9a29e2db61.jpg, 겨울에는 멸치육수로 만든 떡국  소고기떡국  굴떡국 등 다양하게 떡국을 끓이게 되는데요  특별히 반찬을 만들지 않아도 간단하고 맛있으니 자주 만들게 됩니다. 국물도 맛있고  떡을 먹게 되니 든든하구요. 새해를 맞이하여 가족들과 덕담을 나누면서 떡국 한 그릇 든든하고 맛있게 드셔 보세요., , [재료] 떡국떡 600g| 소고기국거리 150g| 멸치다시마육수 1.2리터 [고기밑간] 국간장 1T| 맛술 1T| 다진마늘 1T| 후추 약간 [기타양념] 참기름 1T| 양파 1/4개| 대파 1대| 국간장 1T| 참치액 1T| 소금 약간 [고명] 구운김 적당량| 계란 1-2개, 4인분, 중급, 60분이내, 20210101000218, https://recipe1.ezmember.co.kr/cache/recipe/2021/01/01/21a962ee82a86b9832aa41d5d8268e171.jpg, /recipe/2021/01/01/21a962ee82a86b9832aa41d5d8268e171.jpg, 3, 고명으로 계란지단과 김가루를 준비했어요. 계란은 그냥 풀어 넣어 떡국을 끓여도 맛있지요~. 김은 구워서 가늘게 썰었어요., , , , , https://recipe1.ezmember.co.kr/cache/recipe/2021/01/01/c434437fca50e20bbd29a54eebefff101.jpg, /recipe/2021/01/01/c434437fca50e20bbd29a54eebefff101.jpg
6949737, 소고기떡국 끓이는법 :: 담백하고 맛있게 떡국 한그릇, 소고기떡국, 36178186, 잇커피, 6283, 0, 92, 끓이기, 명절, 소고기, 국/탕, https://recipe1.ezmember.co.kr/cache/recipe/2021/01/01/687cd1aac470a2dc58a97ca9a29e2db61.jpg, /recipe/2021/01/01/687cd1aac470a2dc58a97ca9a29e2db61.jpg, 겨울에는 멸치육수로 만든 떡국  소고기떡국  굴떡국 등 다양하게 떡국을 끓이게 되는데요  특별히 반찬을 만들지 않아도 간단하고 맛있으니 자주 만들게 됩니다. 국물도 맛있고  떡을 먹게 되니 든든하구요. 새해를 맞이하여 가족들과 덕담을 나누면서 떡국 한 그릇 든든하고 맛있게 드셔 보세요., , [재료] 떡국떡 600g| 소고기국거리 150g| 멸치다시마육수 1.2리터 [고기밑간] 국간장 1T| 맛술 1T| 다진마늘 1T| 후추 약간 [기타양념] 참기름 1T| 양파 1/4개| 대파 1대| 국간장 1T| 참치액 1T| 소금 약간 [고명] 구운김 적당량| 계란 1-2개, 4인분, 중급, 60분이내, 20210101000218, https://recipe1.ezmember.co.kr/cache/recipe/2021/01/01/21a962ee82a86b9832aa41d5d8268e171.jpg, /recipe/2021/01/01/21a962ee82a86b9832aa41d5d8268e171.jpg, 4, 양파는 감칠맛이 나도록 1/4개 정도만 넣어도 충분합니다. 대파는 흰부분을 육수로 사용해서 푸른부분만 어슷썰기해서 준비해요.  ?, , , , , https://recipe1.ezmember.co.kr/cache/recipe/2021/01/01/64d269e2bbd3861ba44afebdcd2445a91.jpg, /recipe/2021/01/01/64d269e2bbd3861ba44afebdcd2445a91.jpg
6949737, 소고기떡국 끓이는법 :: 담백하고 맛있게 떡국 한그릇, 소고기떡국, 36178186, 잇커피, 6283, 0, 92, 끓이기, 명절, 소고기, 국/탕, https://recipe1.ezmember.co.kr/cache/recipe/2021/01/01/687cd1aac470a2dc58a97ca9a29e2db61.jpg, /recipe/2021/01/01/687cd1aac470a2dc58a97ca9a29e2db61.jpg, 겨울에는 멸치육수로 만든 떡국  소고기떡국  굴떡국 등 다양하게 떡국을 끓이게 되는데요  특별히 반찬을 만들지 않아도 간단하고 맛있으니 자주 만들게 됩니다. 국물도 맛있고  떡을 먹게 되니 든든하구요. 새해를 맞이하여 가족들과 덕담을 나누면서 떡국 한 그릇 든든하고 맛있게 드셔 보세요., , [재료] 떡국떡 600g| 소고기국거리 150g| 멸치다시마육수 1.2리터 [고기밑간] 국간장 1T| 맛술 1T| 다진마늘 1T| 후추 약간 [기타양념] 참기름 1T| 양파 1/4개| 대파 1대| 국간장 1T| 참치액 1T| 소금 약간 [고명] 구운김 적당량| 계란 1-2개, 4인분, 중급, 60분이내, 20210101000218, https://recipe1.ezmember.co.kr/cache/recipe/2021/01/01/21a962ee82a86b9832aa41d5d8268e171.jpg, /recipe/2021/01/01/21a962ee82a86b9832aa41d5d8268e171.jpg, 5, 참기름 1큰술을 두른 후에 소고기를 볶아 주는데  붉은기만 없어질 정도로 센불에서 빠르게 볶아 줍니다., , , , , https://recipe1.ezmember.co.kr/cache/recipe/2021/01/01/685a7d48bccdbd806e5b1acaaf4540851.jpg, /recipe/2021/01/01/685a7d48bccdbd806e5b1acaaf4540851.jpg
6949737, 소고기떡국 끓이는법 :: 담백하고 맛있게 떡국 한그릇, 소고기떡국, 36178186, 잇커피, 6283, 0, 92, 끓이기, 명절, 소고기, 국/탕, https://recipe1.ezmember.co.kr/cache/recipe/2021/01/01/687cd1aac470a2dc58a97ca9a29e2db61.jpg, /recipe/2021/01/01/687cd1aac470a2dc58a97ca9a29e2db61.jpg, 겨울에는 멸치육수로 만든 떡국  소고기떡국  굴떡국 등 다양하게 떡국을 끓이게 되는데요  특별히 반찬을 만들지 않아도 간단하고 맛있으니 자주 만들게 됩니다. 국물도 맛있고  떡을 먹게 되니 든든하구요. 새해를 맞이하여 가족들과 덕담을 나누면서 떡국 한 그릇 든든하고 맛있게 드셔 보세요., , [재료] 떡국떡 600g| 소고기국거리 150g| 멸치다시마육수 1.2리터 [고기밑간] 국간장 1T| 맛술 1T| 다진마늘 1T| 후추 약간 [기타양념] 참기름 1T| 양파 1/4개| 대파 1대| 국간장 1T| 참치액 1T| 소금 약간 [고명] 구운김 적당량| 계란 1-2개, 4인분, 중급, 60분이내, 20210101000218, https://recipe1.ezmember.co.kr/cache/recipe/2021/01/01/21a962ee82a86b9832aa41d5d8268e171.jpg, /recipe/2021/01/01/21a962ee82a86b9832aa41d5d8268e171.jpg, 6, 많이 볶아주면 질겨지니까 조심하셔요.  ?  ?, , , , , https://recipe1.ezmember.co.kr/cache/recipe/2021/01/01/703ca703bf0f1727a7e47af2f295bfcf1.jpg, /recipe/2021/01/01/703ca703bf0f1727a7e47af2f295bfcf1.jpg
6949737, 소고기떡국 끓이는법 :: 담백하고 맛있게 떡국 한그릇, 소고기떡국, 36178186, 잇커피, 6283, 0, 92, 끓이기, 명절, 소고기, 국/탕, https://recipe1.ezmember.co.kr/cache/recipe/2021/01/01/687cd1aac470a2dc58a97ca9a29e2db61.jpg, /recipe/2021/01/01/687cd1aac470a2dc58a97ca9a29e2db61.jpg, 겨울에는 멸치육수로 만든 떡국  소고기떡국  굴떡국 등 다양하게 떡국을 끓이게 되는데요  특별히 반찬을 만들지 않아도 간단하고 맛있으니 자주 만들게 됩니다. 국물도 맛있고  떡을 먹게 되니 든든하구요. 새해를 맞이하여 가족들과 덕담을 나누면서 떡국 한 그릇 든든하고 맛있게 드셔 보세요., , [재료] 떡국떡 600g| 소고기국거리 150g| 멸치다시마육수 1.2리터 [고기밑간] 국간장 1T| 맛술 1T| 다진마늘 1T| 후추 약간 [기타양념] 참기름 1T| 양파 1/4개| 대파 1대| 국간장 1T| 참치액 1T| 소금 약간 [고명] 구운김 적당량| 계란 1-2개, 4인분, 중급, 60분이내, 20210101000218, https://recipe1.ezmember.co.kr/cache/recipe/2021/01/01/21a962ee82a86b9832aa41d5d8268e171.jpg, /recipe/2021/01/01/21a962ee82a86b9832aa41d5d8268e171.jpg, 7, 볶아진 소고기에 육수를 부어 준 후에 끓어 오르면 불순물  거품 모두 깨끗하게 걷어내 주세요., , , , , https://recipe1.ezmember.co.kr/cache/recipe/2021/01/01/afb66f7de41378ec045cb838124b6ebf1.jpg, /recipe/2021/01/01/afb66f7de41378ec045cb838124b6ebf1.jpg
6949737, 소고기떡국 끓이는법 :: 담백하고 맛있게 떡국 한그릇, 소고기떡국, 36178186, 잇커피, 6283, 0, 92, 끓이기, 명절, 소고기, 국/탕, https://recipe1.ezmember.co.kr/cache/recipe/2021/01/01/687cd1aac470a2dc58a97ca9a29e2db61.jpg, /recipe/2021/01/01/687cd1aac470a2dc58a97ca9a29e2db61.jpg, 겨울에는 멸치육수로 만든 떡국  소고기떡국  굴떡국 등 다양하게 떡국을 끓이게 되는데요  특별히 반찬을 만들지 않아도 간단하고 맛있으니 자주 만들게 됩니다. 국물도 맛있고  떡을 먹게 되니 든든하구요. 새해를 맞이하여 가족들과 덕담을 나누면서 떡국 한 그릇 든든하고 맛있게 드셔 보세요., , [재료] 떡국떡 600g| 소고기국거리 150g| 멸치다시마육수 1.2리터 [고기밑간] 국간장 1T| 맛술 1T| 다진마늘 1T| 후추 약간 [기타양념] 참기름 1T| 양파 1/4개| 대파 1대| 국간장 1T| 참치액 1T| 소금 약간 [고명] 구운김 적당량| 계란 1-2개, 4인분, 중급, 60분이내, 20210101000218, https://recipe1.ezmember.co.kr/cache/recipe/2021/01/01/21a962ee82a86b9832aa41d5d8268e171.jpg, /recipe/2021/01/01/21a962ee82a86b9832aa41d5d8268e171.jpg, 8, 떡을 먼저 넣어 주세요, , , , , https://recipe1.ezmember.co.kr/cache/recipe/2021/01/01/c29a531835b36e7cd488f7d6ded6ff531.jpg, /recipe/2021/01/01/c29a531835b36e7cd488f7d6ded6ff531.jpg
6949737, 소고기떡국 끓이는법 :: 담백하고 맛있게 떡국 한그릇, 소고기떡국, 36178186, 잇커피, 6283, 0, 92, 끓이기, 명절, 소고기, 국/탕, https://recipe1.ezmember.co.kr/cache/recipe/2021/01/01/687cd1aac470a2dc58a97ca9a29e2db61.jpg, /recipe/2021/01/01/687cd1aac470a2dc58a97ca9a29e2db61.jpg, 겨울에는 멸치육수로 만든 떡국  소고기떡국  굴떡국 등 다양하게 떡국을 끓이게 되는데요  특별히 반찬을 만들지 않아도 간단하고 맛있으니 자주 만들게 됩니다. 국물도 맛있고  떡을 먹게 되니 든든하구요. 새해를 맞이하여 가족들과 덕담을 나누면서 떡국 한 그릇 든든하고 맛있게 드셔 보세요., , [재료] 떡국떡 600g| 소고기국거리 150g| 멸치다시마육수 1.2리터 [고기밑간] 국간장 1T| 맛술 1T| 다진마늘 1T| 후추 약간 [기타양념] 참기름 1T| 양파 1/4개| 대파 1대| 국간장 1T| 참치액 1T| 소금 약간 [고명] 구운김 적당량| 계란 1-2개, 4인분, 중급, 60분이내, 20210101000218, https://recipe1.ezmember.co.kr/cache/recipe/2021/01/01/21a962ee82a86b9832aa41d5d8268e171.jpg, /recipe/2021/01/01/21a962ee82a86b9832aa41d5d8268e171.jpg, 9, 떡이 끓어 오르면 거품을 모두 걷어 내 주세요. 금방 떡이 풀어질 수 있으니 이 작업은 빠르게 해 주셔야 합니다., , , , , https://recipe1.ezmember.co.kr/cache/recipe/2021/01/01/f169407b398b27a959c7ebf4f50ac8831.jpg, /recipe/2021/01/01/f169407b398b27a959c7ebf4f50ac8831.jpg

